Chr	cM	Mb
1	0.0	3.482275
1	0.0	4.811062
1	0.895	5.008089
1	1.185	5.176058
1	2.081	5.579193
1	2.081	6.217921
1	2.367	6.820241
1	2.367	9.995925
1	3.263	11.073904
1	3.263	11.259432
1	3.549	11.505582
1	3.836	11.731387
1	3.836	12.71128
1	5.797	13.37307
1	5.797	13.697098
1	6.083	13.975252
1	6.083	14.464944
1	6.675	14.787217
1	6.675	14.977874
1	6.962	15.196882
1	6.962	15.444839
1	7.248	15.498263
1	7.248	15.801731
1	7.833	16.119466
1	7.833	16.714342
1	8.119	17.29796
1	8.406	18.158832
1	8.692	18.595689
1	8.692	18.911761
1	9.588	20.623897
1	9.874	20.774306
1	9.874	21.444366
1	10.459	21.628544
1	10.459	21.932521
1	11.679	22.158486
1	11.679	22.852171
1	13.959	23.151887
1	13.959	23.170315
1	14.855	23.822073
1	14.855	24.002964
1	15.141	24.071805
1	15.428	24.116167
1	15.428	25.284061
1	16.647	25.489364
1	18.928	25.632282
1	18.928	27.1713
1	19.823	27.321155
1	19.823	29.009415
1	20.11	29.231425
1	20.11	30.062211
1	20.396	30.767349
1	20.396	30.978257
1	20.981	31.714578
1	20.981	32.142824
1	23.262	32.555264
1	23.262	34.247473
1	23.548	34.593291
1	23.548	34.867216
1	23.835	35.595389
1	23.835	35.604985
1	24.42	36.052583
1	24.42	37.614782
1	26.331	38.079087
1	26.331	38.093584
1	27.226	38.451548
1	27.226	38.607246
1	27.513	39.053051
1	27.513	39.05313
1	29.424	39.578771
1	32.922	40.990937
1	32.922	41.151471
1	33.208	41.346975
1	33.208	41.674973
1	33.495	42.154658
1	33.495	42.216521
1	35.113	43.500859
1	35.399	43.506309
1	35.399	43.515732
1	35.984	43.799238
1	36.569	44.144843
1	36.569	45.504165
1	36.856	45.566203
1	36.856	46.92567
1	38.433	47.261016
1	38.433	51.301741
1	39.328	51.455542
1	39.328	53.068365
1	39.913	54.152566
1	39.913	54.502961
1	41.133	55.184322
1	41.419	57.882214
1	42.977	58.173263
1	42.977	58.439401
1	43.264	58.64367
1	44.882	59.435974
1	45.474	60.700972
1	45.474	61.44379
1	46.058	62.750755
1	47.293	63.198204
1	47.293	63.626131
1	47.58	63.930584
1	47.866	64.248013
1	47.866	65.09238
1	49.086	65.557818
1	49.086	65.98749
1	49.372	66.311419
1	49.372	66.461485
1	49.659	66.762986
1	49.659	67.823731
1	49.945	67.887875
1	50.232	67.89763
1	50.518	68.122012
1	50.518	68.809667
1	50.805	69.048453
1	50.805	69.302877
1	54.009	72.735306
1	54.009	73.020554
1	54.295	73.257785
1	54.582	73.273628
1	54.875	73.46473
1	54.875	73.785951
1	55.77	74.488135
1	55.77	74.948765
1	56.057	74.999391
1	56.343	75.480945
1	56.343	76.386669
1	61.486	79.802768
1	62.752	80.322429
1	62.752	80.719279
1	65.063	82.901013
1	65.063	83.335505
1	65.669	87.687978
1	65.669	89.100711
1	66.564	89.38621
1	66.851	89.812968
1	67.436	90.246344
1	67.436	91.918243
1	68.331	93.218893
1	68.618	93.549971
1	68.618	94.229305
1	70.553	94.608316
1	70.553	94.845961
1	70.84	94.909763
1	71.13	95.14808
1	71.13	95.514159
1	71.416	95.906062
1	71.703	95.933915
1	71.703	96.160362
1	71.993	96.419818
1	72.584	96.873866
1	72.584	99.682296
1	72.871	99.95865
1	72.871	100.443636
1	73.157	100.503508
1	73.444	100.689876
1	73.73	100.806653
1	73.73	101.469744
1	74.329	101.801485
1	74.329	105.621439
1	74.914	105.918404
1	74.914	106.14098
1	75.2	106.773458
1	75.2	107.242003
1	75.785	107.790531
1	75.785	108.029791
1	76.075	108.290874
1	76.362	108.527641
1	76.953	108.755357
1	77.24	109.384692
1	77.24	110.275045
1	77.526	110.578147
1	77.526	110.723532
1	78.111	110.960851
1	78.398	111.52832
1	78.398	112.363107
1	78.684	112.504773
1	78.971	112.847441
1	78.971	117.32081
1	79.555	117.62678
1	79.842	117.932804
1	80.128	118.454508
1	80.128	120.37937
1	80.415	120.637061
1	80.701	120.871754
1	80.701	121.957698
1	80.988	122.017244
1	80.988	122.817183
1	81.274	123.358515
1	81.274	125.888671
1	81.561	126.516497
1	81.561	128.188952
1	82.146	128.355209
1	82.146	128.413909
1	82.73	128.464782
1	82.73	128.523837
1	83.637	128.62571
1	83.637	128.842816
1	83.923	129.064812
1	84.21	129.336686
1	84.496	129.548233
1	84.496	130.22659
1	84.783	130.357591
1	85.368	130.48564
1	85.368	130.485674
1	86.263	132.747529
1	86.263	133.40197
1	86.55	133.558513
1	86.55	134.993249
1	86.836	135.115363
1	86.836	135.256758
1	87.123	135.259674
1	87.409	135.283862
1	87.409	135.695642
1	87.696	135.891043
1	87.982	136.107289
1	87.982	138.214493
1	88.567	138.462985
1	88.567	141.128163
1	89.159	141.417667
1	89.449	144.862428
1	91.41	147.391347
1	91.41	148.385402
1	92.305	148.717644
1	92.89	149.096503
1	92.89	150.827106
1	93.176	151.137795
1	93.176	151.748339
1	93.47	151.907068
1	93.47	152.045336
1	93.756	152.165051
1	94.043	152.491006
1	94.043	153.539522
1	94.949	154.395966
1	94.949	154.628103
1	95.236	154.761279
1	95.522	155.032003
1	95.522	155.319103
1	95.809	155.607805
1	95.809	155.750988
1	96.4	156.052563
1	96.69	156.456242
1	97.275	157.588921
1	97.275	157.76194
1	97.561	157.809197
1	97.848	157.900405
1	97.848	158.391413
1	98.134	158.554748
1	98.421	158.579244
1	98.421	158.662801
1	98.707	158.704597
1	98.994	158.73872
1	98.994	159.872934
1	99.284	160.302633
1	99.574	160.477202
1	99.574	161.687297
1	100.165	162.215218
1	100.452	162.387225
1	100.738	162.437742
1	100.738	163.901482
1	101.323	163.955812
1	101.323	164.18019
1	101.61	164.247768
1	101.896	164.528848
1	101.896	164.935094
1	103.131	165.31511
1	103.131	168.178247
1	103.421	168.323142
1	103.421	168.614065
1	103.707	168.762928
1	103.994	168.913137
1	103.994	169.017891
1	105.213	169.153242
1	105.213	169.192841
1	105.5	169.225247
1	105.786	169.304758
1	105.786	169.640434
1	106.073	169.859202
1	106.359	169.890201
1	106.359	169.907833
1	117.749	172.981863
1	118.035	173.149434
1	118.035	173.679247
1	118.322	173.73461
1	118.608	174.164127
1	118.895	174.201925
1	118.895	174.420751
1	119.181	174.792334
1	119.181	175.262195
1	120.416	175.67688
1	120.416	176.471327
1	120.702	176.534627
1	120.702	176.54264
1	120.989	176.558863
1	121.275	176.608846
1	121.275	177.366982
1	121.276	177.53153
1	125.22	182.21391
1	125.51	182.341751
1	125.796	182.53124
1	125.796	183.347399
1	126.083	183.936095
1	126.083	184.421781
1	128.393	186.14623
1	128.992	186.269049
1	129.285	186.554195
1	129.884	187.001839
1	131.82	187.711001
1	131.82	187.762136
1	132.715	188.060928
1	133.002	188.085707
1	133.292	188.452708
1	133.292	188.708627
1	134.198	188.966258
1	134.488	189.435367
1	135.094	189.866756
1	135.381	190.087097
1	135.381	190.268437
1	135.966	190.342184
1	136.252	190.51153
1	136.252	190.735357
1	136.542	190.852996
1	138.822	190.99416
1	139.116	191.629931
1	139.116	191.712942
1	139.402	191.912106
1	139.402	191.933803
1	139.689	192.867016
1	141.6	193.731996
1	142.506	193.992202
1	142.793	194.086272
1	142.793	194.16777
1	143.079	194.325876
1	143.079	194.439429
1	143.366	194.704347
1	143.366	195.301069
1	143.957	195.987783
1	143.957	196.289269
1	144.244	196.404284
1	144.53	197.014645
1	144.53	197.134686
2	0.0	5.767412
2	0.0	6.232362
2	4.91	9.751287
2	7.613	11.707491
2	8.509	13.357843
2	11.581	16.227338
2	11.868	17.833384
2	12.763	17.962147
2	12.763	18.741507
2	13.659	19.000349
2	13.659	19.676481
2	14.554	19.938933
2	14.554	22.676435
2	15.139	23.199299
2	15.425	23.94916
2	15.425	24.390671
2	16.01	24.827272
2	16.01	25.395301
2	16.906	25.726695
2	16.906	25.95104
2	17.192	26.223874
2	17.777	26.733409
2	20.119	30.296486
2	20.119	30.541428
2	20.405	31.02754
2	20.405	31.290123
2	20.692	31.678177
2	20.692	32.089219
2	20.978	32.470461
2	20.978	33.073857
2	21.265	33.305485
2	21.551	33.488529
2	21.838	33.798339
2	21.838	33.850138
2	22.124	33.990289
2	22.411	34.478979
2	22.411	34.748651
2	22.701	34.869156
2	23.607	35.252641
2	24.524	35.957195
2	24.524	37.285189
2	24.811	37.512632
2	24.811	39.670019
2	25.097	39.868106
2	25.097	39.958939
2	25.384	40.196434
2	25.384	40.655058
2	25.67	40.783489
2	25.67	41.295573
2	26.566	41.533578
2	26.566	42.34148
2	27.786	42.741653
2	27.786	43.300079
2	28.37	43.538349
2	28.37	43.647239
2	28.657	43.833514
2	28.657	44.06441
2	28.943	44.257292
2	30.193	44.443839
2	30.193	44.97654
2	30.48	45.04781
2	30.766	45.193635
2	31.056	45.522549
2	31.056	45.926636
2	31.35	46.084533
2	31.35	46.848831
2	31.64	47.02013
2	31.64	48.251339
2	32.224	50.50058
2	32.224	50.645385
2	32.511	50.808751
2	32.511	51.078588
2	32.797	51.252307
2	32.797	52.096736
2	33.084	52.289185
2	33.084	52.430772
2	33.37	52.672634
2	33.657	53.042642
2	33.657	54.904604
2	37.155	55.26633
2	37.155	57.167605
2	37.441	57.512264
2	37.441	57.639377
2	38.676	57.861767
2	38.676	57.983436
2	38.962	58.041979
2	38.962	58.748695
2	40.197	60.486382
2	40.483	60.939726
2	40.483	61.778204
2	41.068	62.000421
2	41.068	62.483389
2	41.358	62.490364
2	41.358	62.717693
2	41.645	62.841063
2	41.645	63.191032
2	41.931	63.410908
2	42.218	63.687212
2	42.504	63.950898
2	42.504	64.580034
2	42.794	64.696668
2	42.794	64.957107
2	43.081	65.140124
2	43.081	65.49655
2	43.665	65.704271
2	43.665	66.071592
2	43.952	66.188207
2	43.952	66.339177
2	44.238	66.805956
2	44.525	66.930919
2	44.525	67.516464
2	44.811	67.69435
2	44.811	68.501311
2	47.153	69.180906
2	48.048	69.56266
2	48.048	69.6349
2	48.335	69.773819
2	48.335	70.077516
2	52.28	72.239856
2	52.566	73.133109
2	52.566	73.314617
2	52.853	73.91328
2	52.853	74.149179
2	53.748	74.927702
2	54.333	75.514788
2	54.619	75.856729
2	54.619	76.308799
2	57.735	77.938377
2	58.63	79.183599
2	58.63	79.609074
2	61.703	80.455843
2	61.703	81.608099
2	61.989	81.946273
2	61.989	82.834231
2	62.885	83.092616
2	62.885	85.626037
2	63.171	85.734083
2	63.458	85.788244
2	63.458	87.864978
2	63.744	88.186455
2	63.744	91.849772
2	65.322	93.260017
2	65.608	93.528207
2	66.193	93.727075
2	66.479	94.377938
2	66.479	97.874847
2	68.415	98.027111
2	68.415	99.449032
2	69.0	99.665471
2	69.0	100.653343
2	69.286	100.829473
2	69.286	101.163196
2	70.182	101.560603
2	70.182	102.471684
2	71.077	102.941478
2	71.077	103.12449
2	71.364	103.290656
2	71.364	103.740089
2	71.65	103.939708
2	71.65	104.192033
2	71.937	104.267463
2	71.937	106.028946
2	73.157	106.438338
2	73.157	106.731368
2	74.063	107.081146
2	74.349	107.305293
2	74.349	108.344794
2	74.636	108.697731
2	74.636	109.233748
2	74.922	109.622851
2	75.209	109.829995
2	75.209	111.930239
2	75.499	112.125007
2	75.499	113.257557
2	75.785	113.40843
2	75.785	113.667508
2	76.377	114.022897
2	76.664	114.118624
2	76.95	114.205618
2	76.95	115.248629
2	77.237	115.487884
2	77.237	115.715582
2	77.523	115.832113
2	77.523	116.411065
2	78.419	117.118531
2	78.419	118.639997
2	79.314	118.706766
2	79.314	121.192483
2	79.601	121.412768
2	79.601	122.144318
2	79.887	122.383805
2	79.887	123.128346
2	80.174	123.217395
2	80.46	123.293024
2	80.46	123.48121
2	80.747	125.304784
2	80.747	125.564677
2	81.033	125.704534
2	81.033	127.840968
2	81.32	128.199225
2	81.32	128.383737
2	81.606	128.617917
2	81.606	128.959488
2	81.893	129.049208
2	81.893	129.125487
2	82.182	130.881867
2	82.182	131.240777
2	82.469	131.372742
2	82.469	131.487026
2	83.364	131.679414
2	83.364	131.81927
2	86.437	134.345045
2	86.437	135.758394
2	87.657	135.953691
2	87.657	136.253016
2	90.324	139.549795
2	90.324	142.22646
2	90.909	142.5298
2	90.909	144.810572
2	91.195	145.107382
2	91.195	147.753899
2	91.482	147.881058
2	91.482	149.271014
2	91.768	149.491611
2	91.768	149.804747
2	92.055	152.495772
2	92.055	153.967019
2	92.341	154.372103
2	92.341	154.520255
2	93.259	156.689629
2	93.259	157.295558
2	93.844	157.820958
2	93.844	158.44135
2	94.13	158.566514
2	94.13	158.683923
2	100.0	158.870386
2	100.92	159.368724
2	100.92	159.495561
2	101.207	159.808392
2	101.207	159.935636
2	101.798	160.129429
2	102.088	160.59498
2	102.088	160.792942
2	104.369	161.566037
2	104.369	161.715338
2	104.655	161.871393
2	104.655	162.322313
2	105.24	162.483272
2	105.527	162.50259
2	105.823	162.978274
2	105.823	163.577494
2	106.415	163.632487
2	106.415	163.647544
2	107.65	164.13326
2	107.65	164.183538
2	107.939	164.199695
2	107.939	164.215896
2	108.226	164.559755
2	108.811	164.779024
2	111.926	165.608227
2	111.926	165.876925
2	112.212	166.455886
2	112.212	166.960448
2	113.77	167.301481
2	116.438	168.349119
2	116.438	168.753933
2	116.724	168.792185
2	117.01	168.912437
2	117.01	169.313399
2	117.297	169.470357
2	117.583	169.577779
2	117.583	169.667479
2	118.803	169.77838
2	118.803	169.938614
2	123.422	170.652472
2	123.708	171.214528
2	123.708	171.222943
2	123.998	171.350039
2	123.998	171.57143
2	124.285	172.047669
2	124.571	172.563705
2	124.571	172.849974
2	127.775	173.376091
2	128.062	173.433323
2	137.091	178.452023
2	137.997	178.942786
2	138.893	179.013701
2	139.788	179.257463
2	139.788	179.30886
2	140.373	179.6956
2	140.373	179.860959
2	140.965	180.422341
2	142.184	180.825581
2	142.184	181.542228
3	0.0	3.785417
3	0.0	5.904282
3	0.286	6.400305
3	0.573	6.807954
3	0.573	7.614769
3	0.86	7.679814
3	0.86	8.754999
3	2.437	9.269818
3	2.437	9.483988
3	3.022	10.018672
3	3.308	10.327101
3	3.308	11.015894
3	4.866	12.565616
3	4.866	13.756946
3	5.152	14.378118
3	5.152	15.770713
3	5.439	15.893579
3	5.439	16.350288
3	5.729	16.964501
3	6.015	17.057225
3	6.015	17.534547
3	6.302	17.771986
3	6.302	18.466142
3	7.197	18.62539
3	7.197	19.163311
3	7.484	19.544553
3	9.102	21.265673
3	9.102	22.507001
3	9.389	23.338083
3	11.3	26.093916
3	11.3	26.2806
3	11.586	27.500204
3	11.586	27.874493
3	13.144	28.293133
3	13.144	28.537366
3	13.431	28.626876
3	13.431	31.752411
3	13.717	32.476135
3	13.717	33.601926
3	14.937	33.813623
3	14.937	33.964648
3	15.223	35.458613
3	17.504	36.502922
3	17.794	36.739263
3	17.794	36.836602
3	18.08	37.307265
3	18.08	37.339253
3	18.367	38.005778
3	18.367	38.297774
3	19.586	38.788806
3	19.586	38.788981
3	21.497	39.719815
3	21.497	39.792841
3	21.784	39.9314
3	22.679	40.358477
3	22.679	40.903535
3	22.969	41.397765
3	22.969	41.908055
3	23.256	42.213854
3	24.833	45.974817
3	25.12	46.613439
3	25.12	50.925957
3	31.404	53.073654
3	31.404	53.884578
3	31.691	54.081736
3	31.977	54.556028
3	33.197	54.674449
3	36.744	54.853261
3	36.744	55.06028
3	37.031	55.832831
3	37.031	56.168461
3	37.622	56.295375
3	37.622	56.759331
3	38.529	57.139218
3	38.529	57.241533
3	40.465	57.627214
3	40.465	57.801764
3	41.049	58.29384
3	41.049	58.869968
3	42.315	61.072169
3	42.315	61.979196
3	42.602	62.387788
3	42.602	65.19529
3	43.508	65.474783
3	43.508	66.254082
3	43.795	66.391505
3	44.081	66.488771
3	44.081	67.016943
3	45.301	67.946723
3	45.301	68.376548
3	45.587	68.871335
3	45.587	69.548775
3	46.494	70.420436
3	46.494	72.462618
3	47.078	74.542041
3	47.078	75.418535
3	47.974	75.866498
3	47.974	76.648946
3	48.26	76.729233
3	48.26	77.055644
3	48.547	77.716616
3	48.547	80.928433
3	48.833	81.299106
3	48.833	81.433731
3	49.425	82.19989
3	49.425	84.792917
3	49.715	84.948287
3	49.715	85.493835
3	50.3	85.931835
3	50.3	87.487047
3	50.593	87.719793
3	50.593	88.310085
3	50.88	88.658601
3	50.88	89.036581
3	51.166	89.347287
3	51.166	89.446771
3	51.751	89.894692
3	51.751	90.219226
3	52.037	90.413738
3	52.037	92.379161
3	52.327	93.391098
3	52.327	95.488016
3	54.263	98.086967
3	54.263	99.35696
3	54.848	100.191841
3	54.848	100.523615
3	55.138	100.779518
3	55.424	100.965174
3	55.424	101.016753
3	55.711	101.413915
3	58.783	104.918493
3	58.783	105.273321
3	59.07	105.471016
3	59.07	106.767997
3	59.655	106.93211
3	59.655	107.27405
3	60.239	108.822022
3	60.239	108.995323
3	61.135	109.232254
3	61.421	109.396036
3	61.421	110.356943
3	61.708	111.020771
3	61.708	111.520271
3	61.994	112.036748
3	61.994	112.489447
3	63.214	112.860456
3	63.214	115.415076
3	63.504	115.644636
3	63.504	117.113352
3	67.002	118.290073
3	67.002	119.016592
3	67.292	119.424849
3	68.526	120.606857
3	68.526	121.501416
3	68.816	121.796641
3	68.816	121.998617
3	69.401	122.17706
3	69.401	123.077047
3	70.296	126.116578
3	71.874	127.995451
3	71.874	128.047879
3	72.16	128.339513
3	72.745	128.958446
3	78.728	129.527943
3	78.728	132.189065
3	79.015	132.350865
3	79.015	133.905166
3	79.301	134.595338
3	79.301	136.479847
3	79.9	137.054607
3	79.9	137.87971
3	80.485	138.220053
3	81.07	138.622071
3	81.965	139.132076
3	81.965	139.703353
3	82.252	140.100056
3	84.532	141.704635
3	84.819	142.297853
3	84.819	143.221105
3	86.038	143.405391
3	86.325	144.1437
3	86.325	144.305923
3	87.22	144.425237
3	87.22	144.668167
3	87.805	145.095423
3	89.04	146.29405
3	89.04	146.395299
3	89.625	148.269914
3	91.182	149.089195
3	91.182	150.272016
3	91.469	150.419214
3	91.755	150.996553
3	92.651	151.146792
3	92.937	151.227283
3	95.311	153.986405
3	95.311	153.98753
3	95.895	154.440246
3	95.895	154.631654
3	96.494	154.789372
3	96.494	154.97732
3	96.781	155.062196
3	96.781	155.204938
3	97.067	155.445671
3	97.652	156.399373
3	97.939	156.80275
3	98.53	156.99282
3	99.115	157.182751
3	99.115	157.458209
3	99.402	157.646003
3	99.688	157.878563
3	99.688	159.475019
4	0.0	3.630815
4	0.0	3.649823
4	0.286	4.494213
4	0.286	5.363013
4	0.871	5.606394
4	2.449	6.820702
4	2.449	7.68268
4	2.735	7.899383
4	2.735	9.051846
4	3.327	9.203863
4	4.562	9.390855
4	4.562	9.876066
4	4.848	10.142141
4	4.848	10.826234
4	5.135	11.14838
4	5.135	11.507152
4	5.719	13.031015
4	6.009	13.563196
4	6.296	13.764991
4	8.257	16.419441
4	8.257	18.045359
4	8.543	18.609946
4	8.543	18.913828
4	8.833	19.508349
4	9.418	19.653457
4	9.704	19.960179
4	9.704	20.21524
4	10.6	20.446244
4	10.6	21.607032
4	13.303	22.163486
4	13.303	22.306517
4	13.59	22.678191
4	13.59	23.419485
4	15.526	28.249559
4	16.76	29.190385
4	17.05	30.820745
4	17.05	31.148829
4	17.337	31.651725
4	17.337	32.10726
4	18.232	32.187427
4	18.232	32.296718
4	18.519	33.109559
4	18.519	33.171459
4	22.463	34.041018
4	22.463	35.257016
4	24.021	40.972606
4	24.606	42.803506
4	24.606	43.197669
4	24.892	43.209771
4	25.179	43.562052
4	25.179	43.912591
4	25.465	44.245671
4	25.752	44.330249
4	26.042	45.502302
4	26.042	45.717874
4	26.948	45.985763
4	26.948	46.188227
4	27.235	46.55337
4	29.17	47.049014
4	30.066	49.601464
4	30.356	49.784162
4	30.356	50.695665
4	30.642	50.881071
4	30.642	51.294469
4	30.929	52.294101
4	30.929	53.915356
4	31.215	54.372336
4	31.215	54.736368
4	31.502	54.911505
4	31.788	55.060596
4	31.788	56.036003
4	32.373	56.510055
4	32.373	57.442781
4	32.66	57.626581
4	32.66	58.332265
4	33.879	58.386896
4	33.879	59.713469
4	34.166	59.848201
4	34.452	61.518986
4	35.0	62.17
4	36.01	62.36829
4	36.602	63.346622
4	36.602	64.515457
4	36.888	64.892575
4	36.888	65.047571
4	37.473	65.605268
4	38.058	66.843058
4	38.344	68.938179
4	38.631	69.760185
4	38.631	71.59692
4	38.917	71.80132
4	38.917	73.879433
4	39.813	74.037476
4	39.813	75.249698
4	40.708	75.438626
4	40.708	75.493222
4	40.995	75.774916
4	40.995	76.484833
4	41.281	78.698063
4	41.281	80.950126
4	42.501	81.60458
4	42.501	81.934379
4	43.086	82.262281
4	43.086	83.447453
4	43.372	83.585214
4	43.372	84.012618
4	43.659	84.738619
4	43.659	85.877643
4	43.945	86.17132
4	43.945	87.106964
4	44.232	87.303084
4	44.232	87.557342
4	44.518	87.69788
4	44.518	88.03947
4	44.805	88.238303
4	45.091	88.597632
4	45.091	89.126033
4	45.378	89.978372
4	45.378	91.021365
4	45.664	94.099078
4	45.951	94.588537
4	45.951	94.941985
4	46.846	95.416079
4	48.782	96.563639
4	48.782	96.65362
4	49.068	97.010925
4	49.068	98.98677
4	49.653	101.102848
4	53.714	103.313311
4	53.714	103.634667
4	54.001	103.839032
4	54.001	104.187377
4	55.251	104.961979
4	55.538	105.321483
4	55.538	105.382089
4	55.824	106.898333
4	55.824	107.061696
4	58.166	108.237102
4	58.166	108.383459
4	58.75	108.879987
4	59.335	108.948035
4	59.335	109.187492
4	59.622	109.473539
4	59.908	109.541547
4	59.908	110.78783
4	60.804	110.966847
4	60.804	114.284493
4	61.403	114.507955
4	61.403	115.975048
4	61.689	116.782133
4	61.689	117.436181
4	61.976	117.942127
4	61.976	118.116037
4	62.265	118.271127
4	62.265	118.641058
4	62.555	119.150595
4	62.555	119.754587
4	63.451	120.07855
4	63.451	120.476225
4	65.009	120.731447
4	65.009	120.875373
4	65.295	121.069747
4	65.295	121.366804
4	65.582	122.536808
4	65.582	123.676433
4	65.868	123.873194
4	65.868	123.885162
4	66.155	124.048406
4	66.746	124.517595
4	66.746	124.7454
4	68.657	125.265631
4	70.235	126.150088
4	70.521	126.389349
4	74.019	127.074543
4	74.306	127.433884
4	74.306	128.20015
4	75.883	129.249414
4	75.883	129.300959
4	76.17	129.390617
4	76.46	129.607839
4	76.46	129.630774
4	77.0	130.374402
4	78.447	131.555155
4	80.065	132.410009
4	80.065	133.435413
4	80.351	133.563657
4	80.351	133.80895
4	80.638	133.92334
4	81.23	135.285445
4	81.23	135.525151
4	81.519	135.99844
4	81.519	136.10844
4	81.806	136.230563
4	81.806	137.344298
4	81.806	137.764128
4	82.099	138.152371
4	82.099	138.711174
4	82.389	139.112379
4	82.389	139.225622
4	82.676	139.323755
4	82.676	140.081802
4	83.91	140.166293
4	85.13	140.528837
4	85.13	140.755877
4	85.416	140.884372
4	86.008	141.17104
4	86.008	142.095183
4	86.294	142.301239
4	86.581	142.466391
4	87.173	142.772318
4	88.73	142.959726
4	88.73	144.118896
4	89.315	144.563167
4	89.315	147.520406
4	89.602	147.659224
4	89.602	148.197077
4	91.513	149.683529
4	91.513	149.771461
4	91.799	149.850457
4	92.086	150.309623
4	92.086	150.45996
4	93.997	150.659778
4	94.283	150.872155
4	94.283	151.18303
4	94.868	152.699719
4	97.609	153.428155
4	97.609	153.699283
4	98.504	153.804166
4	98.791	154.07963
4	100.702	154.365177
4	100.702	154.59978
4	102.638	154.876683
4	102.638	155.042584
4	104.549	155.235046
4	104.835	155.281702
4	105.42	155.384693
4	106.997	155.495856
4	106.997	155.557885
5	0.0	3.143127
5	0.0	4.304151
5	0.286	4.468199
5	0.573	4.597866
5	1.793	5.432077
5	2.079	5.860531
5	2.079	6.666231
5	2.366	6.954547
5	2.366	7.163491
5	5.069	12.371155
5	5.069	13.253242
5	6.627	13.823358
5	7.212	13.998375
5	7.212	14.163895
5	8.431	14.324112
5	8.431	15.627274
5	8.721	15.759205
5	8.721	15.875692
5	9.956	16.221091
5	9.956	16.300899
5	10.555	16.515813
5	10.841	16.842123
5	10.841	17.827235
5	12.418	18.648049
5	12.418	18.734741
5	16.899	20.753292
5	16.899	21.120062
5	17.186	21.254588
5	17.186	22.574278
5	17.77	22.716674
5	17.77	23.152003
5	18.057	23.47105
5	18.057	23.496643
5	18.343	23.652259
5	19.25	23.827218
5	19.841	24.008815
5	19.841	24.391317
5	20.128	24.621789
5	20.414	25.161102
5	20.414	25.303741
5	24.537	33.660747
5	24.83	33.930826
5	24.83	35.542091
5	25.116	35.774762
5	25.116	35.849412
5	25.403	36.160644
5	25.689	36.393186
5	25.689	36.814248
5	28.031	40.028595
5	28.318	40.155691
5	28.318	40.810923
5	28.604	41.433961
5	28.604	41.690143
5	28.891	41.922476
5	28.891	42.201443
5	29.18	42.448018
5	29.467	42.600454
5	29.467	43.174669
5	30.059	43.57136
5	30.059	44.040633
5	30.345	44.234623
5	30.345	44.308007
5	30.638	44.449244
5	31.889	44.555833
5	31.889	45.362658
5	32.473	45.747534
5	32.473	46.298151
5	32.76	46.470709
5	32.76	46.96739
5	33.046	47.188739
5	33.046	47.789888
5	33.333	48.067856
5	33.333	50.689925
5	35.244	52.907863
5	35.244	53.047497
5	35.53	53.088464
5	35.817	53.200018
5	35.817	53.22542
5	38.976	53.431174
5	38.976	53.667318
5	39.262	54.048318
5	39.262	54.511061
5	39.549	54.717472
5	39.549	54.803385
5	40.148	55.122679
5	40.148	55.122861
5	41.043	55.223371
5	41.043	55.615299
5	41.33	56.064119
5	41.33	56.469265
5	41.616	56.762548
5	41.616	57.923964
5	42.851	58.079465
5	42.851	58.345824
5	43.137	58.567822
5	43.137	58.761466
5	43.424	59.037549
5	43.424	60.389644
5	44.319	60.83506
5	44.319	63.372867
5	44.606	63.556501
5	44.606	63.605204
5	44.892	63.821508
5	44.892	65.070489
5	45.477	65.141991
5	45.477	66.5467
5	45.764	66.605986
5	46.681	66.893862
5	46.971	67.053113
5	46.971	67.11861
5	47.257	67.289019
5	47.257	67.538357
5	47.842	67.739261
5	47.842	67.964305
5	48.738	69.527298
5	49.024	71.133298
5	49.92	72.415728
5	49.92	72.569707
5	50.206	72.711077
5	50.206	73.51955
5	50.493	73.733815
5	50.493	74.027159
5	50.783	74.219747
5	50.783	75.274691
5	51.069	75.550711
5	51.356	75.857165
5	51.642	76.154829
5	51.642	76.243459
5	53.2	76.574921
5	53.2	76.590703
5	53.49	77.316224
5	53.49	77.567064
5	53.78	78.208833
5	54.066	78.347362
5	54.066	80.716991
5	55.624	82.835235
5	55.624	83.810837
5	55.911	84.265108
5	55.911	84.702389
5	56.197	85.065017
5	56.197	85.502588
5	56.782	85.890222
5	56.782	90.247206
5	57.068	90.500265
5	57.068	90.712225
5	58.303	90.92527
5	58.303	91.522144
5	58.589	91.570928
5	58.876	91.74329
5	58.876	91.904487
5	59.162	92.055405
5	59.449	92.179789
5	59.449	92.791104
5	59.735	93.266859
5	60.022	93.586009
5	60.308	94.154651
5	60.308	96.769729
5	60.595	96.820799
5	60.881	96.912339
5	61.168	97.067845
5	61.168	97.475419
5	61.454	97.811507
5	61.454	97.939374
5	62.35	98.239477
5	62.35	98.940813
5	62.636	98.975791
5	62.926	99.431952
5	62.926	100.055411
5	63.213	100.23058
5	63.503	100.477632
5	63.789	100.641821
5	63.789	100.985979
5	64.076	101.275779
5	64.076	101.998195
5	65.634	103.062843
5	65.634	103.44185
5	65.92	103.545839
5	66.21	103.696016
5	66.21	103.867898
5	66.496	104.026896
5	66.496	104.357981
5	69.569	104.572763
5	69.569	105.967615
5	69.856	106.201155
5	70.142	106.233589
5	70.741	106.769481
5	70.741	107.112541
5	71.027	107.349227
5	71.027	107.412224
5	71.619	107.623393
5	71.619	108.406051
5	72.204	109.222881
5	72.204	110.483929
5	72.789	111.078135
5	72.789	111.778515
5	73.373	112.37195
5	73.373	112.50268
5	73.66	112.765105
5	73.66	113.588567
5	74.245	113.832344
5	74.245	114.910445
5	74.829	115.597883
5	74.829	116.556464
5	76.765	117.112003
5	76.765	117.909354
5	77.35	118.017688
5	77.35	118.108876
5	79.63	118.329638
5	79.917	118.405615
5	79.917	119.181447
5	82.99	119.758226
5	82.99	120.338137
5	83.276	120.493604
5	83.276	120.698229
5	85.557	123.738718
5	85.557	124.845979
5	85.843	125.290217
5	85.843	125.382919
5	86.739	126.622829
5	87.33	127.039909
5	87.915	127.163994
5	88.5	127.383579
5	89.395	128.047889
5	89.682	128.264974
5	89.682	128.826721
5	91.992	130.849059
5	93.243	132.505748
5	93.827	132.603108
5	93.827	133.025853
5	96.169	133.538653
5	102.35	136.726447
5	102.35	137.393984
5	103.907	138.337847
5	103.907	139.187686
5	107.023	139.970687
5	107.023	140.361272
5	107.607	140.893042
5	107.607	140.917974
5	109.519	141.863412
5	109.519	142.082179
5	110.769	142.540279
5	110.769	142.669137
5	111.055	142.999875
5	111.055	143.123214
5	111.64	143.642242
5	111.64	143.680349
5	113.551	144.381933
5	115.832	145.200212
5	116.738	145.297027
5	116.738	146.204024
5	117.025	146.673681
5	117.311	146.689296
5	117.311	147.394032
5	119.591	147.658807
5	119.591	147.766886
5	119.878	148.539065
5	121.0	151.4
6	0.0	3.416869
6	0.286	3.797191
6	0.573	4.107748
6	0.86	4.414883
6	0.86	5.078913
6	1.146	5.219014
6	1.146	5.977975
6	2.042	7.964241
6	2.042	8.298427
6	2.331	8.4474
6	2.331	9.131725
6	2.916	9.485705
6	2.916	10.580248
6	3.508	10.733839
6	3.508	11.226304
6	4.1	11.712184
6	4.1	12.417049
6	10.18	16.011003
6	10.18	16.655471
6	10.466	16.932017
6	10.466	17.467664
6	11.051	17.673651
6	11.338	17.922616
6	11.338	18.272205
6	18.014	24.223714
6	18.014	24.365692
6	18.599	24.505587
6	18.886	24.59797
6	18.886	24.89955
6	19.172	25.100228
6	19.764	25.230498
6	19.764	25.54762
6	21.0	28.190792
6	22.044	29.127419
6	22.044	29.360951
6	22.331	29.911048
6	22.331	30.223154
6	24.242	32.252242
6	24.242	32.256973
6	24.834	32.583783
6	24.834	33.026835
6	27.906	34.457505
6	27.906	34.684662
6	28.802	36.69733
6	32.746	37.639576
6	33.966	38.079136
6	33.966	38.804824
6	35.186	40.749294
6	40.171	43.77681
6	40.171	43.906025
6	41.066	44.145773
6	41.066	45.043867
6	42.644	46.977241
6	42.644	48.355273
6	42.93	48.500578
6	42.93	48.680755
6	45.211	48.929303
6	45.211	49.078508
6	45.795	49.388481
6	46.38	49.605502
6	46.38	49.687382
6	46.667	49.929708
6	46.667	50.470103
6	46.953	50.804367
6	46.953	51.147308
6	47.24	51.257405
6	47.53	51.483154
6	47.53	51.546715
6	47.816	51.745789
6	48.401	52.193139
6	48.691	52.735547
6	48.691	53.485657
6	48.977	53.558932
6	48.977	53.701681
6	50.212	54.130744
6	50.212	54.220556
6	50.498	54.497157
6	50.498	54.652311
6	52.41	55.120666
6	52.41	55.468005
6	52.994	56.518389
6	53.281	57.060037
6	53.567	59.473345
6	53.854	59.756734
6	53.854	60.541371
6	55.412	63.773076
6	55.412	64.613339
6	55.698	64.766248
6	55.698	64.977891
6	55.985	65.057794
6	55.985	65.067886
6	57.219	71.278246
6	57.219	71.870604
6	57.804	72.180097
6	57.804	75.834706
6	58.389	76.132092
6	58.389	76.390845
6	59.623	77.051816
6	60.519	77.471758
6	60.805	80.236328
6	62.741	85.767549
6	62.741	86.058921
6	63.028	86.222498
6	63.028	86.363605
6	63.314	86.579759
6	63.314	86.953032
6	63.601	87.09976
6	63.601	87.384143
6	63.887	88.53708
6	63.887	88.66821
6	64.174	88.960561
6	64.463	89.298446
6	64.463	89.615025
6	64.75	90.308023
6	64.75	91.386028
6	67.123	91.961099
6	67.123	92.246888
6	67.41	92.514677
6	68.001	92.570486
6	68.001	93.20346
6	68.291	94.596952
6	68.291	94.633915
6	69.869	95.023509
6	69.869	95.033181
6	70.159	95.210718
6	70.159	95.446034
6	70.445	95.52472
6	70.445	96.697596
6	72.381	97.419187
6	72.381	97.878024
6	73.6	98.02811
6	73.887	98.258572
6	73.887	98.418437
6	74.173	98.959903
6	75.069	99.053857
6	76.304	100.818193
6	76.304	101.442249
6	76.888	101.797292
6	76.888	102.028007
6	77.175	103.069379
6	77.175	103.078876
6	78.733	104.791602
6	79.019	105.762436
6	79.019	108.487695
6	79.306	108.599679
6	79.306	110.706034
6	80.201	110.884643
6	81.421	111.249786
6	81.421	111.450747
6	81.707	111.930721
6	81.707	112.01584
6	81.994	112.093705
6	81.994	112.474453
6	82.28	112.800818
6	82.567	113.408782
6	82.853	113.995963
6	83.14	114.213342
6	83.14	114.760448
6	84.035	115.865551
6	84.035	116.04034
6	84.322	116.105145
6	84.608	116.206634
6	84.608	116.36019
6	84.895	116.706747
6	85.48	116.8475
6	86.375	117.050638
6	86.375	119.067178
6	86.662	119.361485
6	87.253	119.516193
6	87.253	119.957167
6	88.473	121.628012
6	88.473	122.259668
6	91.14	124.006511
6	91.14	125.515887
6	92.718	126.754346
6	92.718	127.119
6	93.613	127.388475
6	93.613	127.844937
6	93.9	127.954548
6	94.186	128.468911
6	94.473	128.520302
6	94.473	129.105168
6	95.368	129.560176
6	95.368	131.577238
6	95.655	131.94047
6	95.655	133.804967
6	96.239	133.91775
6	96.239	134.051355
6	96.526	134.20125
6	96.812	134.399885
6	97.099	134.571803
6	97.099	134.808127
6	97.684	135.272116
6	97.684	135.996523
6	97.97	136.207976
6	97.97	136.35081
6	98.257	136.372096
6	98.543	136.560767
6	98.83	136.698274
6	98.83	137.509361
6	101.11	138.384998
6	101.11	138.598187
6	101.397	138.796843
6	101.397	139.010267
6	101.683	139.112057
6	101.683	139.468252
6	101.97	139.805729
6	101.97	139.834733
6	102.256	140.066609
6	102.256	140.119511
6	110.098	144.002631
6	110.098	144.814488
6	111.676	145.406059
6	111.676	146.69156
6	113.663	147.673992
6	113.663	148.546938
6	115.22	148.692266
6	115.805	149.016661
6	115.805	149.214335
7	0.0	3.658357
7	0.1	12.778969
7	0.2	12.916538
7	0.286	16.621522
7	0.286	16.955969
7	0.576	17.046684
7	0.576	17.545979
7	3.28	17.808154
7	3.28	19.678758
7	3.566	19.794682
7	3.566	19.988354
7	4.158	20.283119
7	4.451	24.837174
7	4.451	25.138164
7	9.969	25.722934
7	12.672	27.852865
7	13.907	30.56647
7	13.907	31.205552
7	16.217	31.220796
7	16.217	31.291332
7	17.437	31.505577
7	17.437	31.794281
7	17.723	31.95033
7	17.723	35.185655
7	19.281	35.483869
7	19.281	35.699897
7	20.177	36.124856
7	20.177	37.123346
7	23.336	37.555005
7	23.336	37.568558
7	27.397	47.074572
7	27.683	47.287211
7	27.97	47.419463
7	30.312	47.556867
7	30.312	47.65285
7	32.223	47.861153
7	32.814	48.180542
7	32.814	50.16657
7	33.101	50.585247
7	33.101	51.06529
7	33.387	51.794016
7	33.674	52.146494
7	33.674	52.261291
7	34.266	52.84365
7	34.552	53.254938
7	34.552	53.422378
7	35.151	53.682777
7	36.709	56.254112
7	36.709	56.537916
7	36.995	56.652492
7	37.58	56.717299
7	37.58	56.783128
7	37.866	57.048459
7	37.866	57.166895
7	38.153	57.604448
7	38.153	59.660322
7	38.439	60.128141
7	38.439	62.761532
7	39.024	62.999954
7	39.024	63.232348
7	39.609	63.779523
7	39.609	65.367119
7	40.505	65.717522
7	40.505	66.413235
7	40.791	67.179978
7	40.791	70.463287
7	41.078	70.840459
7	41.078	71.840839
7	41.364	72.088025
7	41.364	72.948116
7	41.651	73.078956
7	41.937	73.194874
7	42.224	73.316123
7	42.224	73.426173
7	43.119	73.604598
7	43.119	74.156585
7	44.015	75.261559
7	45.612	75.725582
7	45.612	76.126376
7	45.902	76.94138
7	45.902	77.106358
7	46.494	77.309843
7	46.78	77.721398
7	49.521	78.841852
7	49.807	79.83115
7	50.392	80.485398
7	50.392	80.652487
7	50.682	81.093847
7	50.968	81.20387
7	51.553	81.42025
7	52.152	81.491656
7	52.152	81.935921
7	52.438	82.11428
7	52.438	85.366854
7	52.725	85.847907
7	53.011	86.268344
7	53.011	86.728143
7	53.298	87.409989
7	53.298	87.777472
7	54.215	88.283067
7	54.215	88.534758
7	55.111	88.680103
7	55.111	88.740053
7	55.397	89.127385
7	55.684	89.219702
7	55.97	89.628584
7	56.257	90.186486
7	56.257	90.633687
7	57.163	90.865514
7	59.831	91.031061
7	59.831	91.596872
7	60.422	91.904302
7	60.422	93.812507
7	60.709	94.381202
7	61.294	95.155269
7	61.294	95.46079
7	61.58	95.847711
7	61.58	96.58929
7	62.476	96.762672
7	62.766	97.208892
7	62.766	98.058865
7	63.052	98.367859
7	63.052	98.602159
7	63.339	98.73242
7	63.625	98.979739
7	63.625	99.558251
7	63.912	99.797452
7	64.51	100.081464
7	64.51	102.651417
7	65.095	103.132456
7	65.382	103.251218
7	65.382	103.381986
7	65.668	103.823532
7	65.668	104.022498
7	65.955	104.15429
7	65.955	104.211787
7	66.546	105.272767
7	66.546	106.573937
7	66.833	106.75483
7	66.833	107.011786
7	67.119	107.628913
7	67.119	107.944154
7	67.406	108.024449
7	67.692	108.094539
7	67.692	111.033532
7	67.979	111.297535
7	68.265	111.381489
7	68.265	111.745068
7	68.552	112.061871
7	68.842	112.784814
7	69.433	112.911455
7	69.433	114.369536
7	71.031	114.512548
7	71.616	114.542345
7	71.616	114.746366
7	73.527	117.123257
7	74.777	118.818342
7	75.067	118.971888
7	75.067	119.466659
7	75.353	119.879434
7	75.643	120.077979
7	75.93	120.195
7	75.93	120.696709
7	76.515	121.209197
7	76.515	121.509574
7	77.113	121.842518
7	77.407	122.276141
7	77.407	122.338368
7	77.991	122.555416
7	77.991	123.277779
7	78.576	124.032277
7	78.87	124.381993
7	79.476	124.952037
7	79.476	125.087119
7	79.762	125.263073
7	79.762	125.798533
7	80.049	125.869547
7	80.335	126.26104
7	80.335	126.312421
7	80.622	126.326145
7	80.622	126.553479
7	81.206	126.800203
7	81.206	127.271544
7	81.493	127.836779
7	100.127	136.179208
7	103.674	139.448712
7	104.603	140.189838
7	104.89	140.342975
7	113.75	142.026095
7	113.75	142.320007
7	114.036	142.42448
7	114.036	142.793401
7	114.621	143.80009
7	114.908	144.223448
7	114.908	144.63562
7	117.188	145.329118
7	117.188	146.124555
7	117.773	146.505066
7	118.06	146.654034
7	118.06	146.866296
7	122.004	149.648426
7	122.004	151.031521
7	123.239	151.633506
7	123.239	152.367604
8	0.0	7.701081
8	3.945	10.521753
8	8.006	14.480179
8	8.293	14.696193
8	8.579	14.723159
8	8.866	14.759098
8	8.866	14.7773
8	9.152	15.27937
8	9.152	15.355116
8	9.439	15.993376
8	9.439	16.660953
8	10.658	16.859146
8	11.878	17.328896
8	11.878	18.316445
8	13.789	18.512781
8	13.789	22.905815
8	15.008	23.259029
8	15.008	24.259337
8	15.593	24.557765
8	15.593	25.314441
8	17.171	25.604644
8	17.457	25.612805
8	18.042	25.963093
8	18.328	26.133138
8	18.328	26.451658
8	18.615	26.642892
8	18.615	27.552603
8	18.905	28.002387
8	19.191	28.144681
8	19.191	28.285761
8	19.478	28.727628
8	20.063	29.18021
8	20.063	29.872348
8	20.349	30.344778
8	20.349	30.538191
8	20.636	30.936103
8	20.636	31.470585
8	20.922	31.698371
8	21.209	31.744604
8	21.209	31.961909
8	21.495	32.371966
8	21.495	33.035239
8	21.782	33.214542
8	21.782	33.820605
8	22.068	33.934048
8	22.355	34.3133
8	22.355	34.520655
8	22.939	34.63032
8	22.939	35.274783
8	23.226	35.339348
8	23.512	35.372422
8	23.512	36.878788
8	25.07	37.203159
8	25.07	37.571454
8	25.357	37.656755
8	25.357	38.645978
8	25.643	39.28324
8	25.643	40.414116
8	25.93	40.490764
8	26.216	40.709629
8	26.216	40.927342
8	26.503	41.091726
8	26.503	42.338972
8	28.438	45.708316
8	29.023	46.649262
8	31.691	48.186444
8	36.239	58.484996
8	36.239	58.683406
8	36.526	59.143922
8	36.526	59.934829
8	36.819	60.181844
8	36.819	63.851354
8	37.411	64.089397
8	37.411	64.68718
8	37.697	64.982539
8	37.697	66.039643
8	37.984	66.481543
8	37.984	67.776319
8	38.27	67.943227
8	38.27	68.141749
8	38.557	68.341538
8	38.557	69.135442
8	38.843	69.577203
8	39.13	70.431891
8	39.13	70.720689
8	39.714	70.845434
8	39.714	71.254655
8	40.001	71.406088
8	40.001	71.875522
8	40.287	72.33148
8	40.287	74.265397
8	41.507	74.935353
8	41.794	75.068926
8	41.794	77.417177
8	43.013	77.650954
8	43.3	77.908171
8	43.3	77.933674
8	43.586	78.22225
8	44.178	78.352526
8	44.178	78.791131
8	44.77	79.783026
8	44.77	79.924633
8	47.111	83.396537
8	47.111	84.339459
8	47.398	84.568954
8	47.398	85.46366
8	48.617	85.707107
8	48.617	85.950407
8	48.904	86.111849
8	48.904	88.377305
8	49.19	88.546531
8	49.19	88.831889
8	49.477	89.032865
8	49.477	89.627139
8	50.711	89.785658
8	50.711	90.41507
8	52.269	90.839694
8	52.269	90.852751
8	52.854	91.144186
8	52.854	91.431117
8	53.439	91.556421
8	53.439	91.839247
8	53.725	91.905249
8	54.012	92.275913
8	54.012	92.869785
8	54.298	92.965115
8	54.298	93.011881
8	54.89	93.172236
8	54.89	93.194486
8	55.176	93.349657
8	55.466	93.635987
8	55.466	94.653536
8	55.753	94.941969
8	55.753	95.657347
8	56.972	96.92641
8	56.972	98.167502
8	58.908	98.228999
8	61.281	98.812565
8	61.281	99.553209
8	61.866	99.916723
8	61.866	99.927273
8	62.16	100.34192
8	62.16	101.10453
8	62.446	101.173927
8	62.446	101.698263
8	62.733	102.254875
8	63.022	102.918416
8	63.607	102.982173
8	63.607	105.161607
8	64.503	105.277639
8	64.793	105.453022
8	64.793	105.921527
8	65.079	106.092508
8	65.986	109.166163
8	65.986	109.330304
8	66.272	109.504194
8	66.272	109.856054
8	66.559	110.196945
8	66.559	110.469116
8	67.143	110.668469
8	67.143	110.926164
8	67.43	111.292515
8	67.43	111.611178
8	68.015	111.936221
8	68.015	112.837235
8	68.599	113.843238
8	68.886	115.453101
8	71.166	116.236687
8	71.166	116.313819
8	71.751	116.762715
8	72.647	117.139231
8	72.647	117.350149
8	72.933	117.676135
8	73.518	118.353452
8	75.076	118.764103
8	75.362	118.927249
8	75.947	119.09687
8	75.947	119.331804
8	77.505	120.068914
8	79.785	120.904594
8	91.175	126.224092
8	93.086	129.106324
8	93.086	129.935305
8	93.67	130.354208
8	93.67	130.601775
8	93.96	130.889096
8	94.247	131.113636
8	94.247	131.457798
9	0.0	10.57303
9	0.286	12.359771
9	0.286	12.641844
9	0.573	13.233762
9	0.573	13.404717
9	2.484	15.693672
9	5.188	24.420733
9	5.188	24.593863
9	5.474	25.697555
9	13.316	29.748544
9	13.901	30.287463
9	14.486	30.96421
9	14.486	32.203992
9	14.772	32.308039
9	15.371	32.562504
9	15.371	33.190826
9	15.956	33.261827
9	15.956	33.487169
9	16.242	34.01355
9	16.242	34.266428
9	16.529	34.384236
9	16.529	34.451493
9	17.114	34.646172
9	18.691	35.020041
9	18.977	35.793269
9	18.977	37.007429
9	19.562	37.454775
9	19.562	39.129876
9	19.849	39.934733
9	20.135	40.268401
9	20.135	40.515146
9	20.727	40.929719
9	21.633	41.077791
9	21.92	41.298948
9	21.92	41.563127
9	22.505	41.870631
9	22.505	43.054012
9	22.791	43.139938
9	22.791	44.817798
9	23.078	45.240526
9	23.663	46.045436
9	23.949	46.336654
9	23.949	46.58365
9	24.534	47.039894
9	24.534	47.223569
9	25.119	47.42323
9	25.119	47.592919
9	26.696	48.017409
9	26.696	49.07187
9	26.983	49.215835
9	26.983	49.989193
9	27.567	50.175752
9	27.567	50.652204
9	28.152	50.964757
9	29.372	51.52123
9	29.957	51.758214
9	29.957	51.995282
9	31.514	53.63637
9	32.41	53.767154
9	32.995	54.377875
9	32.995	54.508269
9	33.281	54.760049
9	33.281	56.55314
9	33.571	56.697763
9	33.571	57.112386
9	33.858	57.418927
9	34.144	57.666726
9	34.144	58.508896
9	34.434	58.724841
9	34.434	59.238249
9	34.72	59.835172
9	34.72	59.934576
9	36.632	62.226499
9	36.632	63.055795
9	36.918	63.807119
9	36.918	64.300969
9	37.814	64.463046
9	38.1	65.31297
9	38.1	65.394047
9	39.006	65.560604
9	39.006	66.56404
9	39.296	66.83817
9	39.296	67.878903
9	40.531	68.191194
9	40.531	68.496532
9	41.766	68.739814
9	41.766	69.455899
9	42.357	69.810185
9	42.942	70.160775
9	42.942	70.880253
9	43.527	71.331037
9	43.527	71.798886
9	43.813	72.030418
9	43.813	72.952358
9	45.033	73.368885
9	45.033	73.688973
9	45.319	73.928872
9	45.319	73.954057
9	45.606	74.382952
9	45.892	74.735876
9	45.892	75.877786
9	46.179	76.102533
9	46.179	76.983761
9	47.074	77.217283
9	47.361	77.247378
9	47.361	77.779276
9	47.647	78.046015
9	47.647	79.902981
9	47.937	79.991491
9	47.937	80.626426
9	49.157	80.917762
9	49.157	81.159484
9	49.742	81.753446
9	49.742	83.013938
9	50.327	83.587153
9	50.613	83.765926
9	50.613	84.97316
9	51.833	85.386929
9	51.833	85.749876
9	52.0	86.133451
9	52.119	86.198703
9	52.119	86.20617
9	52.406	86.456294
9	53.284	87.780385
9	53.284	88.102528
9	53.57	90.299275
9	53.57	91.799939
9	53.857	92.122315
9	53.857	92.268173
9	54.143	92.418561
9	54.43	92.777192
9	54.43	94.380582
9	57.208	95.050077
9	57.498	95.251198
9	57.498	96.808716
9	57.785	97.259752
9	57.785	98.400495
9	58.376	98.479729
9	58.376	99.10546
9	58.961	99.766319
9	59.546	100.278976
9	59.546	101.225008
9	60.131	101.34001
9	60.131	101.943134
9	60.421	102.625957
9	62.701	103.827402
9	62.701	104.775147
9	62.988	104.941886
9	62.988	105.393991
9	63.274	105.541852
9	63.859	105.676711
9	63.859	105.823504
9	65.417	105.983685
9	65.417	106.321564
9	68.12	107.733462
9	68.12	107.918076
9	68.407	108.417199
9	68.407	108.704748
9	68.693	108.961891
9	68.693	109.158529
9	68.98	109.590964
9	68.98	110.26534
9	70.214	110.701161
9	70.214	111.095498
9	72.882	111.560314
9	72.882	111.76126
9	73.466	111.864944
9	73.466	112.051864
9	74.051	112.887779
9	74.636	113.200233
9	74.922	113.283204
9	75.209	113.497075
9	75.209	113.935083
9	75.794	114.377913
9	76.0	114.383005
9	100.0	116.482254
9	107.748	119.247087
9	107.748	120.169736
9	108.643	120.606955
9	108.643	120.75378
9	108.933	120.927359
9	108.933	121.096806
9	109.22	121.386991
9	109.506	121.678391
9	109.793	121.825027
9	110.699	122.175147
9	110.699	122.561239
9	110.986	122.834339
9	112.921	123.878247
9	112.921	124.039193
10	0.0	3.342585
10	0.0	4.609417
10	0.29	5.378622
10	0.58	7.632996
10	0.58	8.189403
10	0.866	9.133172
10	1.163	9.32907
10	1.163	10.160615
10	1.45	10.544887
10	1.45	12.004985
10	2.669	12.729006
10	2.669	13.131981
10	3.565	13.407601
10	3.565	13.883718
10	3.851	14.122491
10	3.851	14.12319
10	4.138	14.292788
10	4.138	17.362122
10	4.424	17.663356
10	4.424	18.617182
10	5.009	18.980511
10	5.299	19.098322
10	5.585	19.336108
10	6.481	19.804439
10	6.481	19.843774
10	6.767	20.045488
10	6.767	20.493289
10	12.0	24.0
10	28.0	26.750827
10	30.147	27.727881
10	30.147	27.854962
10	31.043	28.169619
10	31.043	28.315851
10	32.262	28.501118
10	32.262	28.757406
10	32.549	28.871991
10	32.835	28.885316
10	33.731	30.430648
10	34.316	30.725947
10	34.907	33.372828
10	35.197	34.297657
10	35.484	35.758851
10	35.484	36.171185
10	37.041	38.685356
10	37.041	38.770867
10	39.782	44.026224
10	40.373	45.532636
10	41.593	46.420569
10	41.88	46.564112
10	42.166	46.577681
10	42.453	48.097784
10	42.739	50.689271
10	44.65	53.462954
10	48.595	57.472267
10	48.881	57.86425
10	49.168	59.648239
10	49.168	59.899198
10	51.835	64.173094
10	53.055	67.07906
10	53.345	67.283839
10	53.638	67.552465
10	53.638	67.604187
10	55.196	67.849993
10	55.196	68.389645
10	55.781	68.907414
10	55.781	69.476908
10	56.365	71.420725
10	56.365	72.243078
10	57.943	73.389753
10	58.534	74.07517
10	58.821	74.443968
10	58.821	75.305585
10	59.727	76.17559
10	60.014	77.019279
10	63.129	80.258108
10	63.416	81.72308
10	63.416	82.124985
10	63.705	82.278516
10	63.705	84.148124
10	63.992	84.376303
10	63.992	85.585849
10	65.212	85.914424
10	65.498	86.197002
10	65.498	86.348597
10	66.394	87.106143
10	66.394	88.13848
10	66.978	89.11812
10	66.978	89.508267
10	67.563	90.171936
10	67.563	90.880554
10	67.856	91.38229
10	67.856	92.120895
10	68.143	92.43543
10	68.143	92.961481
10	68.429	93.319109
10	68.429	93.979399
10	70.365	96.758374
10	70.365	97.112186
10	72.646	101.577653
10	72.932	101.838024
10	72.932	102.632506
10	73.517	103.02485
10	73.517	104.744618
10	73.803	104.949411
10	74.71	105.018386
10	74.71	105.088483
10	74.996	105.470124
10	74.996	106.641085
10	76.216	106.921182
10	76.216	108.174848
10	78.127	108.815682
10	78.414	109.905593
10	78.414	110.380615
10	80.724	110.731306
10	81.011	111.131156
10	81.011	111.83644
10	81.906	112.836908
10	81.906	113.993904
10	82.491	114.515889
10	82.491	115.238615
10	86.09	115.571077
10	87.309	116.782072
10	87.309	118.297728
10	88.216	118.418863
10	88.216	118.763483
10	88.502	118.914358
10	88.502	119.215627
10	88.789	119.351907
10	89.075	119.503334
10	89.075	119.64603
10	89.362	119.844876
10	90.919	120.131017
10	90.919	120.673004
10	91.206	120.809085
10	92.426	120.945956
10	93.01	121.262477
10	93.01	121.364787
10	97.072	122.450477
10	97.072	122.85432
10	97.656	123.052335
10	97.656	124.772406
10	97.943	124.928135
10	98.528	125.024085
10	98.528	126.156546
10	100.086	126.440482
10	100.372	126.611871
10	100.665	126.934966
10	100.952	127.146595
10	100.952	127.179508
11	0.0	4.408731
11	2.373	8.736727
11	2.373	10.903788
11	2.66	11.016916
11	2.946	11.071145
11	2.946	11.457491
11	3.233	11.669288
11	3.519	11.770133
11	3.519	12.24805
11	3.806	12.9027
11	3.806	13.169866
11	4.092	13.57442
11	4.092	14.903306
11	5.327	16.853389
11	5.327	17.636602
11	5.613	17.844333
11	5.9	17.8457
11	5.9	18.067656
11	6.817	18.482774
11	6.817	19.143736
11	7.724	19.368927
11	7.724	19.463108
11	8.01	19.472317
11	8.602	19.645819
11	8.602	19.740964
11	8.889	19.879675
11	8.889	20.329767
11	10.446	20.853303
11	10.446	22.714066
11	10.733	22.928397
11	10.733	23.633251
11	11.023	24.572748
11	11.023	26.186086
11	11.918	26.370844
11	11.918	26.865699
11	12.205	26.895291
11	12.205	27.484968
11	13.1	28.095395
11	13.1	28.719019
11	14.658	28.975002
11	14.658	29.445001
11	14.945	29.456155
11	14.945	29.670525
11	15.231	30.059386
11	15.231	33.390349
11	15.518	33.538733
11	15.518	34.315728
11	17.828	34.953682
11	17.828	35.291649
11	18.427	35.50129
11	18.713	35.516676
11	18.713	35.696874
11	19.298	35.986496
11	19.298	36.449997
11	20.856	36.616452
11	20.856	38.777268
11	22.076	42.185501
11	22.076	42.40745
11	22.66	42.631876
11	22.66	42.6953
11	23.252	42.844126
11	23.252	43.546317
11	23.542	44.227083
11	23.829	44.552712
11	24.115	44.783605
11	24.115	46.029521
11	26.818	47.930883
11	28.396	50.196763
11	30.307	50.558768
11	30.593	50.920754
11	30.593	51.3847
11	30.88	51.824798
11	30.88	52.067553
11	31.166	52.342338
11	31.166	52.778233
11	31.453	53.734268
11	31.453	53.868158
11	32.348	55.208055
11	32.635	55.602849
11	32.921	55.886002
11	33.208	56.329567
11	33.793	56.515095
11	34.086	57.088037
11	34.086	57.644774
11	34.373	57.945935
11	34.662	58.057819
11	34.662	58.381051
11	34.949	58.819965
11	35.534	58.923978
11	35.534	59.042856
11	38.237	62.065414
11	38.237	62.718146
11	38.524	62.910461
11	38.524	63.033372
11	47.553	64.515286
11	47.839	64.596124
11	48.126	64.909098
11	48.126	65.014318
11	48.412	65.026386
11	48.699	65.249895
11	48.699	67.0906
11	48.989	67.192418
11	48.989	67.351935
11	49.574	67.961047
11	49.574	68.740437
11	49.86	68.849649
11	50.147	68.922567
11	50.147	69.141398
11	50.433	69.41541
11	50.433	70.265536
11	50.72	70.371166
11	50.72	71.293347
11	51.006	72.132471
11	51.293	72.150422
11	51.293	72.266232
11	52.188	72.486317
11	52.188	72.97847
11	53.408	73.923768
11	53.408	75.078946
11	53.694	75.282893
11	53.694	76.408654
11	53.981	76.761051
11	53.981	76.824056
11	54.572	79.065731
11	55.164	79.3607
11	66.553	82.070985
11	66.553	82.421436
11	67.449	83.521935
11	67.449	84.779353
11	67.735	84.989059
11	68.022	85.264359
11	68.022	87.177233
11	68.607	87.668081
11	68.607	88.249192
11	69.191	88.522933
11	69.191	88.786243
11	69.485	88.937291
11	69.771	88.977986
11	69.771	89.105722
11	70.058	89.402037
11	71.277	89.612736
11	71.277	89.688581
11	71.564	89.696612
11	71.85	89.761881
11	72.435	89.938911
11	72.435	89.968721
11	72.722	90.203179
11	72.722	90.397847
11	73.617	90.664416
11	73.617	91.481988
11	77.619	95.489415
11	77.619	95.706498
11	78.515	96.386744
11	78.515	96.822909
11	80.092	97.970258
11	80.092	98.005074
11	80.684	98.624972
11	80.97	98.780754
11	80.97	99.441449
11	81.257	99.510151
11	81.543	99.596169
11	82.128	100.224673
11	82.128	100.513549
11	84.064	101.112194
11	84.655	101.318782
11	85.247	101.460335
11	85.247	102.008003
11	85.537	102.120712
11	85.537	102.655779
11	85.827	102.771748
11	86.113	103.038834
11	87.02	103.578807
11	87.611	103.84096
11	87.611	104.43502
11	88.507	104.77262
11	88.793	104.889756
11	88.793	105.687114
11	89.08	105.905727
11	89.672	106.527613
11	89.672	106.839738
11	89.958	106.994495
11	89.958	107.272826
11	90.245	107.635727
11	90.245	107.780107
11	91.479	107.825709
11	91.766	108.093002
11	91.766	108.498217
11	92.052	108.575095
11	92.339	108.75069
11	92.339	109.28129
11	112.612	114.532621
11	112.612	115.987526
11	112.899	116.402895
11	112.899	116.490387
11	113.49	116.908502
11	114.082	117.108176
11	114.368	117.410375
11	114.368	117.722782
11	114.655	117.993077
11	114.941	118.007301
11	114.941	118.205263
11	117.609	119.216123
11	117.609	119.896717
11	117.895	120.001236
11	117.895	120.111806
11	118.182	120.145724
11	118.182	120.289355
11	118.767	120.818213
11	122.769	121.409302
12	0.0	5.95128
12	0.0	7.021188
12	2.703	10.227153
12	2.703	10.357493
12	3.923	10.538356
12	3.923	10.877408
12	4.213	11.082953
12	4.213	12.514597
12	5.79	12.798106
12	8.101	14.876063
12	8.101	15.561947
12	10.012	15.739387
12	10.604	15.962184
12	10.604	16.592329
12	10.89	16.835275
12	10.89	25.779735
12	11.475	26.165833
12	11.475	26.476091
12	13.386	26.992469
12	13.673	27.57833
12	13.673	28.255507
12	13.959	28.507707
12	13.959	28.665582
12	14.246	28.961435
12	14.246	29.112847
12	14.83	29.34423
12	14.83	29.552026
12	15.117	29.581163
12	15.117	29.676793
12	16.675	30.398065
12	16.675	30.739695
12	16.961	30.883463
12	16.961	31.448027
12	17.248	31.568402
12	19.0	34.890143
12	19.558	35.446737
12	19.845	35.460716
12	20.131	35.563623
12	21.351	35.806046
12	21.351	36.104891
12	21.4	36.185363
12	21.5	36.219622
12	21.637	36.31142
12	21.637	36.628917
12	24.305	37.595106
12	24.305	39.35862
12	25.2	39.541326
12	25.487	40.250124
12	25.487	41.395031
12	26.072	41.569442
12	26.072	43.219216
12	26.967	43.801895
12	26.967	45.455648
12	27.254	45.826229
12	27.54	46.008976
12	28.76	46.245576
12	28.76	46.58524
12	29.344	46.764167
12	29.344	47.327315
12	29.631	47.565065
12	29.631	47.90241
12	30.216	47.917725
12	30.216	48.413931
12	30.502	50.066536
12	32.413	53.911047
12	36.358	55.741343
12	36.358	55.866587
12	36.645	55.988945
12	36.645	56.422768
12	36.931	57.107314
12	36.931	58.773264
12	37.827	59.053626
12	37.827	59.702511
12	38.733	60.071016
12	38.733	60.243671
12	39.318	60.476552
12	39.604	61.268161
12	39.604	64.303587
12	39.891	65.130807
12	39.891	65.488802
12	43.006	68.669115
12	43.006	68.74935
12	43.292	68.860207
12	43.579	69.125067
12	43.865	70.704784
12	43.865	71.661621
12	44.152	71.817797
12	44.438	71.94867
12	44.438	72.561829
12	49.501	76.10369
12	49.788	76.396441
12	51.699	76.832202
12	51.985	76.993653
12	52.57	77.144632
12	52.57	77.371478
12	54.128	77.479298
12	57.727	81.069515
12	57.727	82.238899
12	58.013	82.689781
12	58.013	83.911343
12	59.233	83.974582
12	59.523	85.117956
12	60.742	85.87282
12	61.638	86.986285
12	61.924	87.446646
12	62.831	88.249949
12	62.831	89.933467
12	63.748	90.14875
12	64.035	91.397267
12	64.035	92.209032
12	64.321	92.498431
12	64.321	92.577476
12	64.608	92.775405
12	64.608	92.995473
12	64.894	93.085023
12	65.181	93.207168
12	65.181	93.659076
12	65.467	93.80646
12	65.467	95.601009
12	67.778	97.343221
12	67.778	98.047412
12	78.264	100.818236
12	78.55	101.182676
12	78.847	101.804025
12	79.133	101.866283
12	79.133	103.122571
12	79.42	103.431462
12	79.42	103.550016
12	79.706	103.658501
12	79.706	103.76671
12	82.048	104.269891
12	82.334	104.522186
12	82.334	105.392392
12	83.569	105.63219
12	85.167	105.957284
12	85.453	106.091062
12	86.703	106.753155
12	86.703	106.8815
12	86.993	107.634512
12	88.954	108.786161
12	89.241	109.136781
12	89.241	109.444141
12	89.527	109.60989
12	89.814	110.136559
12	90.398	110.330975
12	90.685	110.698472
12	90.685	110.748174
12	90.975	111.035057
12	90.975	111.535844
12	91.892	112.417854
12	92.179	112.426348
12	92.179	113.74149
12	95.726	114.496726
12	96.013	114.553844
12	96.299	115.166911
12	97.228	116.788761
12	97.813	117.385533
12	97.813	117.417765
12	98.1	117.956771
12	99.319	118.628399
12	99.319	118.665667
12	99.606	118.957586
12	99.606	119.427046
12	100.19	120.290628
12	100.19	121.123403
13	0.0	12.155223
13	1.22	16.27633
13	1.22	16.930088
13	1.506	17.085793
13	1.793	17.34435
13	1.793	17.504405
13	2.079	17.979063
13	2.664	18.46343
13	2.664	18.955998
13	3.256	19.488034
13	3.256	19.585658
13	3.542	19.99402
13	3.829	20.52956
13	4.115	20.587898
13	4.402	20.656483
13	4.402	21.871442
13	4.691	22.25595
13	5.276	22.490835
13	5.276	23.95664
13	13.817	30.76938
13	14.104	31.365185
13	14.104	32.312268
13	14.39	32.485697
13	14.677	32.735701
13	14.677	34.040782
13	15.261	34.272078
13	15.261	35.408359
13	15.853	35.701495
13	16.438	35.96556
13	16.438	37.063968
13	19.986	39.434859
13	20.272	39.899432
13	20.857	40.134141
13	20.857	41.29575
13	21.143	41.538154
13	21.43	42.551105
13	21.43	42.778421
13	25.029	45.402972
13	25.315	45.454656
13	25.315	45.641521
13	28.094	45.997091
13	28.094	46.28489
13	28.989	46.847884
13	28.989	47.005652
13	29.276	47.055081
13	29.569	47.225288
13	29.569	47.771258
13	34.712	52.866221
13	34.712	53.525772
13	42.838	54.980446
13	42.838	55.50031
13	43.429	56.048265
13	43.429	56.582796
13	43.716	57.139114
13	43.716	57.5418
13	44.013	57.879229
13	44.013	58.152621
13	44.299	58.288367
13	44.586	58.543181
13	44.586	58.825896
13	44.872	59.281898
13	45.162	59.454244
13	45.449	59.546201
13	45.738	59.805605
13	47.336	63.061923
13	47.336	63.615068
13	47.626	64.056718
13	47.626	64.072989
13	47.912	64.187019
13	48.199	64.303978
13	48.199	64.796508
13	48.485	65.002321
13	48.485	65.397884
13	48.772	66.98147
13	48.772	67.600531
13	49.667	68.711507
13	49.667	69.092647
13	49.954	69.23093
13	49.954	70.148387
13	50.24	70.216412
13	50.527	71.140973
13	50.527	71.214146
13	50.527	71.587336
13	51.433	73.106372
13	54.592	75.901603
13	54.592	78.257415
13	54.879	78.414571
13	54.879	80.87711
13	55.165	81.063897
13	55.455	81.246253
13	56.351	81.993956
13	56.351	83.460053
13	56.935	83.876592
13	58.185	84.841126
13	58.185	87.427648
13	58.472	87.71837
13	58.472	89.176072
13	58.758	89.562162
13	58.758	89.637276
13	59.045	90.400296
13	59.331	90.560307
13	59.331	91.275494
13	59.625	91.841956
13	59.625	92.878914
13	59.911	93.49094
13	59.911	93.493821
13	60.198	93.772827
13	60.198	94.569174
13	60.484	96.226476
13	60.484	96.283661
13	60.774	96.470954
13	60.774	96.545368
13	61.061	96.594658
13	61.347	97.155588
13	62.243	98.551174
13	62.529	99.20617
13	62.529	99.427278
13	63.114	99.628243
13	63.114	99.793979
13	63.4	100.123264
13	63.4	100.636776
13	64.296	101.266455
13	65.192	102.395402
13	65.783	102.666992
13	65.783	103.343043
13	66.368	103.442134
13	66.368	103.588229
13	66.953	103.899452
13	67.239	104.624702
13	68.837	105.974917
13	69.123	106.107117
13	69.123	106.90452
13	70.681	107.13554
13	70.681	107.783128
13	71.266	107.820919
13	72.864	107.925488
13	72.864	108.070277
13	73.759	108.472543
13	74.046	108.82188
13	74.332	109.069838
13	74.332	109.760614
13	74.619	109.905655
13	74.619	110.267636
13	74.912	110.471635
13	74.912	110.632823
13	76.848	111.231269
13	76.848	111.345655
13	77.432	111.811237
13	77.432	112.403812
13	78.024	112.561278
13	78.024	112.643343
13	79.582	113.426471
13	79.582	113.558619
13	79.868	113.594873
13	79.868	114.047797
13	80.764	116.238013
13	80.764	116.327506
13	81.05	116.341976
13	82.628	116.719469
13	82.628	117.040318
13	84.205	117.326957
13	84.205	117.893376
13	84.498	118.393789
13	84.498	118.645363
13	87.702	120.05903
13	87.702	120.179541
13	87.989	120.203852
14	0.0	8.852063
14	0.0	10.238922
14	0.286	10.592843
14	0.286	10.651878
14	0.576	11.312992
14	0.576	12.915355
14	0.863	13.073983
14	0.863	19.569108
14	2.113	20.733676
14	2.113	21.756073
14	2.399	21.831603
14	2.686	21.847722
14	2.686	22.571472
14	2.972	22.803663
14	2.972	23.53982
14	3.557	23.777999
14	11.127	31.832136
14	11.127	31.996603
14	11.417	33.764826
14	13.015	33.906432
14	13.015	34.026418
14	15.295	34.609256
14	15.295	35.141866
14	15.582	35.170431
14	15.868	36.200742
14	15.868	37.340726
14	17.466	39.961748
14	17.466	40.378546
14	18.051	40.646887
14	18.051	41.227502
14	18.337	41.43049
14	18.337	42.000001
14	18.922	42.819085
14	18.922	46.175354
14	19.209	46.697705
14	19.209	47.011324
14	20.766	47.679976
14	21.053	47.717467
14	21.339	47.817019
14	21.339	48.938491
14	21.626	49.147299
14	21.626	49.506929
14	22.211	49.708959
14	22.802	50.409367
14	22.802	52.650879
14	23.089	52.760253
14	23.089	54.864243
14	23.375	54.987777
14	23.375	55.23688
14	23.662	55.368948
14	23.662	56.009747
14	23.948	56.051954
14	24.242	56.241526
14	24.242	56.989695
14	24.528	57.409826
14	25.748	57.704959
14	25.748	58.04931
14	26.034	58.197136
14	26.034	59.236689
14	26.321	59.43413
14	26.321	59.729143
14	26.607	59.823959
14	26.607	59.956944
14	26.894	60.386941
14	26.894	61.019192
14	27.18	61.453947
14	27.18	61.810349
14	27.467	61.919388
14	27.757	62.215306
14	28.043	62.3881
14	28.043	62.767187
14	28.33	63.105547
14	28.33	63.610772
14	28.616	64.180697
14	28.616	65.159864
14	29.201	65.324728
14	29.201	66.386349
14	29.487	66.48528
14	29.774	66.795969
14	30.06	67.141574
14	30.347	67.413667
14	30.347	68.427156
14	30.633	68.529235
14	30.92	69.076186
14	30.92	69.379832
14	33.231	71.665656
14	33.517	71.920111
14	34.413	72.506626
14	34.413	72.653811
14	34.699	73.244747
14	34.992	73.363688
14	34.992	73.375488
14	36.55	73.597328
14	36.55	73.653474
14	36.837	73.953086
14	36.837	75.109098
14	37.123	75.319186
14	37.123	75.621181
14	37.708	78.358584
14	38.637	78.783157
14	38.923	78.964397
14	38.923	79.390534
14	39.508	79.830781
14	39.795	80.081343
14	39.795	81.304851
14	41.014	81.473747
14	41.014	81.61528
14	41.301	81.780585
14	41.301	83.392385
14	42.196	84.040442
14	42.196	84.554167
14	42.483	84.867597
14	42.483	88.557273
14	42.769	88.943333
14	42.769	89.316098
14	43.056	89.911436
14	43.056	90.486235
14	43.342	90.7757
14	43.629	90.80918
14	43.915	91.322092
14	47.463	94.110423
14	47.463	96.608536
14	47.749	96.963865
14	47.749	97.600346
14	48.036	98.076986
14	48.036	99.738757
14	48.322	99.784302
14	48.609	99.95339
14	48.609	100.005237
14	49.504	100.175287
14	50.089	100.680462
14	50.089	100.680804
14	50.995	101.11374
14	50.995	101.64191
14	54.199	103.964365
14	54.199	104.605169
14	54.486	105.265082
14	54.486	105.565102
14	55.72	106.286762
14	56.007	106.671472
14	56.007	106.815539
14	56.293	106.982673
14	56.587	107.620719
14	56.587	108.651494
14	58.145	109.988358
14	58.145	111.167694
14	58.729	111.51448
14	60.327	114.013473
14	60.327	115.150446
14	60.912	116.406006
14	60.912	117.265706
14	61.198	117.296055
14	62.116	117.437298
14	62.116	117.657344
14	62.701	118.240235
14	65.074	118.861653
14	65.36	118.978166
14	65.36	118.999362
14	65.647	119.128124
14	65.933	119.3553
14	65.933	119.425506
14	66.525	119.710569
14	66.812	120.021465
14	66.812	120.038196
14	67.707	120.11088
14	67.707	120.370954
14	69.694	120.756587
14	69.694	121.533414
14	70.623	124.508018
15	0.0	3.229128
15	0.286	3.410211
15	0.573	3.619111
15	1.158	3.927909
15	1.158	4.349254
15	5.16	8.249029
15	5.16	8.424277
15	9.64	12.60246
15	9.927	12.972088
15	9.927	13.023538
15	10.213	13.149248
15	10.213	13.253364
15	12.524	14.320272
15	12.524	16.094379
15	13.43	19.03501
15	13.43	20.87216
15	13.717	21.710441
15	13.717	22.085377
15	14.003	22.159043
15	14.003	22.402099
15	14.29	22.550162
15	14.577	22.66536
15	14.577	25.380625
15	14.863	25.661841
15	14.863	26.360801
15	15.15	26.705624
15	17.817	28.251497
15	18.103	28.428132
15	18.103	28.880242
15	18.39	28.97566
15	18.39	29.369987
15	19.987	31.661106
15	20.274	31.971923
15	20.274	32.238807
15	20.564	32.62594
15	20.564	32.62594
15	20.85	32.946234
15	21.137	33.180279
15	21.137	33.427165
15	23.877	38.818094
15	23.877	38.822669
15	24.164	38.955762
15	24.755	41.700826
15	25.042	42.123488
15	25.042	42.338283
15	25.328	42.453451
15	25.328	44.180929
15	25.615	44.206757
15	25.615	44.717039
15	26.521	45.108962
15	26.521	45.904893
15	26.811	48.632822
15	26.811	49.846908
15	27.098	50.042766
15	27.098	50.907092
15	27.689	51.102728
15	27.689	51.649191
15	28.274	51.799441
15	28.274	51.94614
15	28.561	52.146433
15	28.561	54.262843
15	28.847	54.409336
15	28.847	55.001428
15	30.758	56.992039
15	35.821	62.052931
15	36.108	62.319409
15	36.108	62.952629
15	36.699	63.151781
15	36.699	63.489947
15	38.98	65.076745
15	40.915	67.951983
15	40.915	68.411283
15	42.135	68.661132
15	42.135	68.744994
15	43.733	69.276655
15	43.733	70.046281
15	44.628	70.331555
15	44.628	70.822235
15	44.915	70.982535
15	44.915	72.042385
15	45.201	72.247765
15	45.488	72.331039
15	45.488	73.220023
15	46.072	73.370668
15	46.072	73.667426
15	46.359	73.962989
15	46.359	74.082231
15	51.876	77.990181
15	52.461	78.589639
15	52.748	78.741346
15	52.748	79.223648
15	53.332	79.503134
15	53.619	79.746549
15	53.619	81.179713
15	53.905	81.657103
15	53.905	81.745212
15	54.195	82.283652
15	54.482	82.75597
15	56.792	82.944824
15	56.792	83.609703
15	57.079	83.867916
15	57.079	84.968202
15	57.985	85.458425
15	57.985	85.601258
15	58.272	85.776068
15	58.558	86.000455
15	58.558	86.099723
15	59.143	86.437547
15	59.143	86.512776
15	59.43	86.803132
15	60.649	87.307011
15	61.234	87.788313
15	61.819	87.908142
15	62.105	87.929487
15	62.105	88.048034
15	62.69	88.30126
15	64.248	89.413297
15	64.248	89.873513
15	64.847	90.376371
15	65.133	90.583805
15	65.133	90.596957
15	66.353	90.759411
15	66.353	91.504597
15	67.572	91.723348
15	67.859	91.889318
15	67.859	92.378558
15	68.145	92.458751
15	68.145	92.673805
15	68.73	92.839468
15	68.73	93.134852
15	69.315	93.284538
15	69.315	94.018477
15	69.907	94.145735
15	69.907	94.682661
15	70.193	94.999571
15	70.778	95.144975
15	70.778	95.302902
15	71.673	95.780105
15	73.609	96.03109
15	73.609	96.9419
15	74.201	97.406701
15	75.107	97.591073
15	75.107	97.961247
15	75.692	98.553458
15	76.588	98.88756
15	84.025	102.190852
15	84.311	102.78196
15	84.311	102.818435
15	84.903	102.995104
15	84.903	103.129753
16	0.0	5.651737
16	0.286	5.888983
16	0.573	5.964706
16	0.573	6.184975
16	0.86	6.223812
16	1.146	6.548996
16	1.146	7.962921
16	3.925	10.595592
16	3.925	11.172684
16	4.842	11.886515
16	5.129	11.961498
16	5.415	12.081498
16	5.702	12.47287
16	5.988	13.142433
16	6.275	13.249056
16	6.561	13.269756
16	6.561	13.593715
16	6.848	13.814544
16	6.848	13.902479
16	7.439	14.378704
16	7.439	14.722891
16	7.726	15.051844
16	8.325	17.412171
16	9.902	17.663455
16	11.122	19.88317
16	12.017	21.323713
16	12.017	21.339075
16	12.304	22.028918
16	14.239	23.467677
16	14.239	23.737061
16	14.526	23.797301
16	15.745	24.175771
16	21.826	27.062965
16	21.826	27.436401
16	22.411	27.498199
16	22.411	27.980321
16	22.697	28.238285
16	23.282	28.99048
16	23.568	29.031981
16	23.568	29.340268
16	26.684	31.615881
16	26.684	32.194864
16	26.97	32.312107
16	27.257	32.425576
16	27.257	32.471946
16	27.848	32.679562
16	27.848	33.322668
16	28.433	33.48126
16	29.339	34.000947
16	29.626	34.308445
16	29.626	35.110654
16	29.912	35.200809
16	29.912	35.28271
16	30.199	35.548162
16	30.199	36.540313
16	31.094	36.613089
16	32.329	36.946776
16	32.329	38.174907
16	32.914	38.377936
16	32.914	39.041162
16	33.2	39.118133
16	33.487	39.1826
16	33.487	39.493445
16	34.086	39.63095
16	34.086	40.235896
16	34.372	40.806137
16	34.372	41.340431
16	34.659	41.688006
16	34.659	41.700976
16	34.945	42.10329
16	34.945	43.943627
16	36.856	44.259586
16	36.856	44.662108
16	37.448	45.072728
16	37.448	45.541112
16	41.099	51.051259
16	41.995	51.096871
16	41.995	51.105988
16	42.281	51.442245
16	42.281	51.548004
16	44.562	56.463019
16	44.562	56.49376
16	44.848	56.652577
16	44.848	57.425568
16	45.447	57.552271
16	45.447	58.23104
16	45.734	58.539259
16	45.734	59.697755
16	46.318	59.838933
16	46.605	60.328963
16	46.891	60.576913
16	46.891	60.97816
16	47.483	61.403131
16	47.77	61.491008
16	47.77	62.11396
16	48.056	62.269531
16	48.056	63.566296
16	49.992	63.77294
16	49.992	63.792297
16	50.278	64.058836
16	50.278	66.3275
16	50.863	66.732917
16	50.863	66.872982
16	52.083	66.934485
16	52.083	67.613616
16	52.369	67.888886
16	52.369	69.011702
16	53.589	69.289857
16	55.524	69.802968
16	55.524	69.809656
16	55.811	70.195003
16	55.811	72.909884
16	57.369	73.748201
16	57.369	74.08495
16	57.655	74.160022
16	57.655	74.870024
16	60.77	74.917947
16	60.77	76.054287
16	61.355	76.37462
16	61.355	76.381347
16	62.575	76.657842
16	62.575	77.429427
16	63.47	78.133531
16	63.47	78.931347
16	63.757	79.253231
16	63.757	81.106487
16	64.043	82.141303
16	64.043	83.406628
16	64.33	83.73264
16	64.33	84.553682
16	64.922	85.087449
16	64.922	85.165753
16	65.817	85.962028
16	66.104	86.161603
16	66.104	86.200246
16	68.771	86.457837
16	68.771	86.462444
16	71.081	88.033027
16	71.081	88.183108
16	72.332	88.934052
16	72.332	89.451582
16	72.618	89.533119
16	72.618	89.590533
16	72.904	89.885517
16	72.904	90.609836
16	74.84	91.670408
16	75.127	92.411849
16	75.413	92.790231
16	78.081	92.999909
16	78.081	93.53835
16	78.367	93.684887
16	78.653	93.85551
16	78.653	93.933922
16	82.201	96.944467
16	82.201	97.244429
16	83.421	97.617114
16	84.012	97.799871
17	0.0	3.227818
17	0.0	3.484661
17	1.22	3.794553
17	1.22	4.366842
17	1.506	4.593481
17	4.173	6.039014
17	4.173	6.119114
17	4.46	7.300009
17	4.46	7.354691
17	5.366	7.749637
17	5.366	9.032963
17	6.924	9.565935
17	6.924	9.642684
17	7.214	9.985175
17	7.214	10.166445
17	7.799	10.586983
17	7.799	11.481617
17	8.694	11.606729
17	8.694	12.172307
17	8.981	12.243518
17	9.876	12.508087
17	9.876	16.396666
17	10.166	16.482463
17	10.166	21.646616
17	11.062	21.82738
17	11.062	23.003494
17	12.281	23.322636
17	12.281	24.119003
17	12.568	24.331044
17	12.568	24.766428
17	12.854	24.987866
17	12.854	26.350809
17	13.439	26.950946
17	13.439	27.109961
17	13.726	27.588408
17	14.621	27.985169
17	14.621	29.917067
17	15.539	30.022646
17	15.539	31.061911
17	15.825	31.179359
17	15.825	31.326529
17	17.736	31.769795
17	18.023	32.068297
17	18.023	32.07899
17	19.257	33.247164
17	19.257	34.518028
17	19.544	35.192177
17	19.544	35.276718
17	19.83	35.667113
17	20.117	37.015392
17	20.117	39.314865
17	23.232	40.708058
17	23.232	43.22618
17	23.522	43.560113
17	23.812	43.766137
17	23.812	43.922071
17	24.411	43.961584
17	24.697	44.224864
17	24.697	44.300072
17	26.275	45.448428
17	26.561	45.461961
17	26.848	45.704197
17	26.848	45.877172
17	28.809	47.865726
17	28.809	48.549495
17	29.715	48.739175
17	29.715	48.899803
17	30.001	49.108448
17	30.288	49.562368
17	30.288	49.573924
17	30.88	49.697205
17	30.88	50.72115
17	31.478	50.872669
17	31.478	50.898847
17	31.765	51.3383
17	31.765	51.559028
17	32.35	51.88439
17	32.35	51.905141
17	32.64	52.039737
17	32.926	52.202742
17	32.926	52.300325
17	33.213	52.43697
17	33.213	52.524176
17	33.811	52.750885
17	34.101	52.853979
17	34.101	53.184292
17	34.693	53.622039
17	34.983	53.677832
17	35.269	53.810983
17	35.269	55.409408
17	36.52	55.490261
17	36.52	55.828738
17	37.104	57.492875
17	37.703	63.948054
17	37.99	63.988383
17	37.99	64.06179
17	38.276	64.37522
17	38.861	64.931433
17	39.446	65.343194
17	39.732	65.422129
17	39.732	66.710415
17	41.643	66.785539
17	41.643	67.111529
17	43.201	67.45102
17	43.201	67.646292
17	43.488	67.85458
17	44.707	68.421021
17	44.707	68.482569
17	45.299	69.149197
17	45.299	69.322297
17	48.458	70.599745
17	48.458	71.101564
17	48.751	71.350424
17	48.751	72.001676
17	51.824	72.598863
17	51.824	74.041406
17	52.11	74.133003
17	52.11	75.262849
17	53.688	75.465362
17	53.688	76.240728
17	55.245	76.561294
17	56.141	76.865457
17	56.427	77.217263
17	56.427	77.344135
17	56.714	77.448214
17	56.714	78.660252
17	57.0	78.754731
17	58.912	79.560023
17	58.912	79.883244
17	60.489	81.3516
17	60.779	81.620039
17	60.779	81.764821
17	61.674	82.021401
17	61.674	83.617198
17	61.961	83.797598
17	61.961	83.8673
17	63.195	84.146861
17	63.195	85.144747
17	65.863	87.157409
17	65.863	87.477782
17	67.774	89.401316
17	68.365	89.889851
17	68.652	90.179671
17	68.652	90.487044
17	68.939	90.663725
17	69.834	90.816256
17	69.834	91.003684
17	71.77	91.559963
17	71.77	91.978432
17	72.676	92.100362
17	72.963	92.560339
17	72.963	94.53035
18	0.0	3.516538
18	0.0	4.100245
18	0.286	4.643087
18	0.286	5.041116
18	0.573	6.947943
18	0.86	9.489144
18	1.444	9.902164
18	3.38	11.084827
18	3.38	11.370612
18	3.666	11.633351
18	4.562	12.709026
18	4.562	13.229155
18	5.147	14.271307
18	7.082	15.408256
18	7.369	15.797207
18	10.917	16.57319
18	10.917	19.864358
18	11.207	20.093215
18	11.207	20.66688
18	11.493	20.982759
18	11.493	21.287249
18	12.078	21.512383
18	12.078	23.93206
18	13.636	24.320391
18	13.922	24.601254
18	13.922	24.789899
18	14.209	24.961158
18	14.209	25.622262
18	14.495	25.856427
18	14.782	26.919756
18	14.782	27.595371
18	17.485	28.455185
18	17.772	29.688175
18	17.772	30.522236
18	18.058	30.597418
18	18.058	31.285349
18	18.345	31.715892
18	18.345	31.860935
18	18.631	32.047326
18	18.918	32.901097
18	18.918	34.074321
18	19.502	34.134968
18	19.789	34.420258
18	19.789	35.204413
18	20.374	35.972315
18	20.374	36.214167
18	20.66	36.279725
18	20.66	37.850371
18	20.95	38.428526
18	21.846	38.814807
18	21.846	38.945203
18	22.132	39.107242
18	22.419	39.202213
18	22.419	39.822462
18	23.003	40.103727
18	23.003	41.821107
18	23.595	41.940683
18	23.595	42.908435
18	23.882	43.083463
18	25.459	43.314322
18	25.459	45.15719
18	25.745	45.300264
18	26.032	45.94926
18	26.032	46.215511
18	27.252	46.435493
18	27.252	49.028156
18	27.538	49.191315
18	27.825	49.445982
18	29.76	50.106591
18	29.76	50.144478
18	30.047	50.847059
18	30.632	51.178664
18	30.632	52.681743
18	30.918	52.947223
18	30.918	53.549149
18	32.184	56.130258
18	34.557	56.618685
18	34.557	56.763123
18	35.807	57.241643
18	35.807	57.397914
18	39.355	57.453543
18	39.641	57.593595
18	39.641	58.224567
18	42.714	58.625809
18	62.429	65.68899
18	62.715	65.769363
18	62.715	66.039596
18	63.3	66.634521
18	63.3	66.717184
18	63.59	66.978896
18	63.876	67.157701
18	64.163	67.764493
18	64.163	68.298822
18	68.577	68.674127
18	68.577	68.87642
18	68.864	69.067889
18	69.759	69.375724
18	69.759	69.494658
18	70.046	69.689995
18	70.046	69.905327
18	71.982	70.283357
18	72.566	70.627064
18	72.566	70.854302
18	72.853	70.944924
18	72.853	71.10294
18	74.073	71.528335
18	74.073	73.070071
18	77.62	74.004342
18	78.205	74.37848
18	78.205	74.433166
18	80.872	74.895829
18	80.872	75.703281
18	81.457	75.843607
18	81.743	76.110558
18	81.743	76.297242
18	82.03	76.899558
18	82.03	76.925278
18	83.265	77.065227
18	83.558	77.108821
18	83.558	77.7087
18	83.844	77.876025
18	88.829	82.409996
18	96.811	84.295655
18	99.121	85.689514
18	102.669	85.968791
18	102.669	86.55354
18	102.956	86.74967
19	0.0	3.413094
19	0.0	3.717262
19	0.895	4.316395
19	1.48	4.609413
19	1.48	4.740219
19	1.767	4.845967
19	1.767	6.372546
19	3.678	6.54281
19	3.678	6.987337
19	4.584	7.347678
19	4.584	8.631924
19	5.48	8.782189
19	5.48	8.814791
19	6.714	10.157494
19	7.008	10.24902
19	7.294	10.518532
19	7.294	10.670706
19	8.514	10.788813
19	8.8	10.826463
19	10.02	11.170616
19	10.605	12.018631
19	10.605	12.068236
19	10.891	12.128144
19	11.178	12.40487
19	11.464	12.699071
19	11.464	12.839089
19	12.049	13.033814
19	12.049	14.870325
19	13.985	15.041787
19	15.219	15.440658
19	15.219	15.599161
19	15.506	15.843735
19	15.506	16.153408
19	15.796	16.497186
19	16.387	16.95595
19	16.674	17.198567
19	16.674	18.018145
19	17.259	18.231111
19	17.259	19.172287
19	17.85	19.963541
19	17.85	20.27535
19	18.137	20.420341
19	18.423	20.42053
19	18.423	20.717813
19	18.71	21.205551
19	18.71	21.553227
19	19.93	21.917691
19	20.216	22.410451
19	20.216	22.509335
19	20.815	22.531308
19	20.815	22.873373
19	22.034	23.24026
19	22.034	23.889911
19	24.376	24.021291
19	24.376	24.783737
19	24.663	25.045356
19	24.949	25.41081
19	25.236	25.740939
19	25.236	26.160861
19	26.131	26.442305
19	32.698	28.477768
19	36.349	30.055665
19	36.349	30.739933
19	37.569	30.889376
19	41.014	32.109016
19	40.728	32.123499
19	40.728	32.17943
19	41.62	32.713512
19	41.907	32.747207
19	44.61	32.961543
19	46.891	35.692492
19	46.891	36.131091
19	48.125	36.251059
19	48.125	36.661713
19	48.71	36.969346
19	48.71	37.133628
19	49.616	37.538938
19	50.201	37.812888
19	50.201	37.913308
19	52.112	38.242985
19	52.399	38.379686
19	53.294	38.910191
19	53.294	39.682638
19	54.514	40.657508
19	54.514	41.716545
19	54.8	41.969693
19	54.8	42.10315
19	55.385	42.324504
19	55.385	42.487226
19	56.963	42.573794
19	57.249	42.643143
19	57.249	43.991579
19	57.449	44.096067
19	57.834	44.265919
19	57.834	44.65078
19	58.419	44.953379
19	58.705	45.066056
19	58.705	46.310145
19	59.297	46.656999
19	59.297	47.045662
19	59.583	47.218628
19	59.583	47.938806
19	60.803	48.078037
19	61.089	48.212355
19	61.681	48.448364
19	62.901	48.744592
19	63.187	48.972881
19	64.407	49.557685
19	64.407	50.798144
19	64.999	51.448402
19	65.583	52.068623
19	66.803	52.276519
19	66.803	52.514624
19	69.083	52.876323
19	69.083	53.084576
19	69.37	53.252871
19	69.962	53.459278
19	69.962	53.512607
19	70.546	53.933992
19	70.833	54.302473
19	71.418	54.618711
19	73.329	54.908634
19	73.615	55.093405
19	73.615	55.23613
19	74.511	55.602429
19	74.511	55.69096
19	75.096	56.160639
19	75.382	56.457052
19	75.669	56.682123
19	75.669	56.9369
19	75.955	57.066898
19	75.955	57.189454
19	76.242	57.517136
19	76.242	57.682096
19	77.137	57.970967
19	77.137	58.525151
19	81.139	58.785853
19	82.035	59.396318
19	83.254	59.53084
19	83.254	60.010465
19	84.15	60.157521
19	84.15	60.87594
19	84.436	61.116697
19	86.347	61.297371
X	0.0	9.129478
X	0.0	10.022274
X	0.895	10.277026
X	11.83	33.548078
X	12.415	36.252884
X	12.701	39.577865
X	13.286	39.806023
X	15.567	44.681821
X	16.151	45.229946
X	16.151	46.066981
X	18.493	47.777147
X	18.779	48.08375
X	19.675	48.285597
X	19.675	49.131637
X	20.26	49.31877
X	20.26	49.663845
X	20.546	50.304195
X	20.833	50.441455
X	20.833	51.078617
X	21.739	54.787687
X	22.026	55.021541
X	22.026	55.119514
X	22.312	55.423038
X	22.599	55.907641
X	22.599	56.198834
X	23.494	56.488673
X	24.39	58.076164
X	25.296	61.595304
X	25.296	61.868815
X	25.583	66.607414
X	25.583	66.915813
X	26.167	67.347283
X	26.167	68.130576
X	27.387	68.694214
X	27.677	69.187246
X	27.677	70.261113
X	27.963	70.273782
X	27.963	70.591776
X	28.25	71.121917
X	28.25	76.792463
X	28.835	77.128596
X	28.835	81.087943
X	29.125	81.842525
X	29.125	87.440158
X	29.411	89.920838
X	29.411	90.523798
X	35.108	99.321994
X	35.398	99.620141
X	35.398	101.637648
X	35.685	103.404884
X	35.685	104.017442
X	40.099	112.637353
X	40.386	113.965459
X	41.963	126.830238
X	42.25	127.009266
X	42.25	127.180024
X	42.835	127.572283
X	42.835	128.32397
X	45.993	130.138455
X	45.993	131.483756
X	46.28	132.120931
X	46.28	132.263711
X	46.865	132.6634
X	46.865	132.751196
X	47.76	133.125032
X	48.047	133.329156
X	48.047	134.541556
X	48.632	134.859902
X	48.918	135.887116
X	59.198	143.400776
X	62.903	147.758346
X	64.917	149.985631
X	66.475	150.143066
X	68.033	154.73828
X	70.313	158.023553
X	70.905	160.516968
X	71.49	160.727278
X	71.776	160.951099
X	71.776	162.637897
X	73.687	163.124562
X	74.279	163.741514
